E1,John,Doe,johndoe@example.com,30
E2,Jane,Smith,janesmith@example.com,28
E3,Michael,Johnson,michaeljohnson@example.com,35
E4,Sarah,Williams,sarahwilliams@example.com,32
E5,Robert,Jones,robertjones@example.com,29
E6,Emily,Brown,emilybrown@example.com,31
E7,William,Davis,williamdavis@example.com,27
E8,Olivia,Miller,oliviamiller@example.com,33
E9,Ethan,Wilson,ethanwilson@example.com,26
E10,Sophia,Moore,sophiamoore@example.com,34
E11,Alexander,Taylor,alexandertaylor@example.com,29
E12,Isabella,Anderson,isabellaanderson@example.com,30
E13,James,Thomas,jamesthomas@example.com,28
E14,Charlotte,Jackson,charlottejackson@example.com,31
E15,Benjamin,White,benjaminwhite@example.com,25
E16,Mia,Harris,miaharris@example.com,32
E17,Henry,Martin,henrymartin@example.com,27
E18,Ava,Thompson,avathompson@example.com,33
E19,Jacob,Garcia,jacobgarcia@example.com,26
E20,Amelia,Martinez,ameliamartinez@example.com,34
E21,Liam,Robinson,liamrobinson@example.com,29
E22,Elizabeth,Clark,elizabethclark@example.com,30
E23,Michael,Allen,michaelallen@example.com,28
E24,Sophia,Hall,sophiahall@example.com,22
E25,Matthew,Young,matthewyoung@example.com,26